,Image_Name,URL
0,000000133.jpg,https://scontent-iad3-2.xx.fbcdn.net/v/t39.30808-6/246829059_4783941914963612_2444953257133725710_n.jpg?_nc_cat=103&ccb=1-5&_nc_sid=730e14&_nc_ohc=TcspTuzZt8IAX9oHVE0&tn=Nx8MNQr-SjQVN_zh&_nc_ht=scontent-iad3-2.xx&oh=00_AT-m9ayFIw8IzppmJWDgL1l7VhlJgPjmWukUIxHOjOM6jQ&oe=6247BF17
1,000000139.jpg,https://scontent-atl3-2.xx.fbcdn.net/v/t1.6435-9/175528330_4215704501787359_4094615963439138371_n.jpg?_nc_cat=108&ccb=1-5&_nc_sid=9267fe&_nc_ohc=kTkZYG7miIEAX9-pLnx&_nc_ht=scontent-atl3-2.xx&oh=00_AT8ObTYeihENLjXAEWCf4vIzq58YoWbsfHuOhhlEuYxoNQ&oe=626D0CC0
2,000000003.jpg,https://scontent-iad3-2.xx.fbcdn.net/v/t39.30808-6/277161994_5289518667739265_7461689358787468785_n.jpg?_nc_cat=105&ccb=1-5&_nc_sid=730e14&_nc_ohc=dGIhxDvQNkIAX-4e7tt&_nc_ht=scontent-iad3-2.xx&oh=00_AT8Zf_yc6GMT7-gcO2UL_2ZNAbJ-H0xj17A6i1Gtzy75Rw&oe=6247CB42
3,000000020.jpg,https://scontent-iad3-2.xx.fbcdn.net/v/t39.30808-6/275438351_5237924406232025_3943414752110688761_n.jpg?_nc_cat=111&ccb=1-5&_nc_sid=e3f864&_nc_ohc=R07fnQUTxS4AX_4qpub&_nc_ht=scontent-iad3-2.xx&oh=00_AT-snKbHNc-nsOrf5apUdPVcmsIgom0NNyJgWaC6WpvNrw&oe=6247A5FA
4,000000111.jpg,https://scontent-iad3-2.xx.fbcdn.net/v/t39.30808-6/253274582_4847968338560969_2940806025331986557_n.jpg?_nc_cat=101&ccb=1-5&_nc_sid=9267fe&_nc_ohc=jeR1-6Z26VUAX-c36Oh&_nc_ht=scontent-iad3-2.xx&oh=00_AT_Sqi9l0xV5IC5Y6WWsIih7dTpuq-sp8pCtqXrzfqYPBg&oe=62478ECE
5,000000161.jpg,https://scontent-atl3-2.xx.fbcdn.net/v/t1.6435-9/165557270_4129055803785563_1582636577277872577_n.jpg?_nc_cat=104&ccb=1-5&_nc_sid=9267fe&_nc_ohc=G7OkRmh8HBEAX_rdWJW&_nc_ht=scontent-atl3-2.xx&oh=00_AT8sLdRc-wj-8BWUCKppS9z2AkAmktfNm-vc15QwUBXhsw&oe=626AA6FC
6,000000027.jpg,https://scontent-iad3-2.xx.fbcdn.net/v/t39.30808-6/274749126_5205588626132270_8360800881353677309_n.jpg?_nc_cat=101&ccb=1-5&_nc_sid=9267fe&_nc_ohc=GLcnbj34sAQAX99xMmG&_nc_oc=AQmta_VlMhCrpPmqSOl7q1zi2tIgeMWK7fg1IOB3IExBSc9s0Lk_SszIp0ca90F3JnSVXnWHlTzndWEIA4i9A7Hu&_nc_ht=scontent-iad3-2.xx&oh=00_AT9ZqZESj7SzIwyAS9ENkc5zdaU78BxqJw8eAYIivDD0Og&oe=6247F806
7,000000097.jpg,https://scontent-iad3-2.xx.fbcdn.net/v/t39.30808-6/261119886_4892887174069085_2361176919490602751_n.jpg?_nc_cat=106&ccb=1-5&_nc_sid=9267fe&_nc_ohc=42DLTC5J054AX9_cQEg&_nc_ht=scontent-iad3-2.xx&oh=00_AT8v1_2HzjXZ9tN4mN7ObqApcSWNyKrqUlnWoI8YfOFI1g&oe=624801CF
8,000000059.jpg,https://scontent-iad3-2.xx.fbcdn.net/v/t39.30808-6/271594563_5038621122829022_8813610836409702828_n.jpg?_nc_cat=110&ccb=1-5&_nc_sid=9267fe&_nc_ohc=ennJJLm2X-oAX9eALa7&_nc_ht=scontent-iad3-2.xx&oh=00_AT88Gtm2mQ5_XgC7SiR3HLSh_10ZhFL9QuWsMqBhJY9nuw&oe=62479D69
9,000000025.jpg,https://scontent-iad3-2.xx.fbcdn.net/v/t39.30808-6/274330714_5214216338602832_1860170831832340281_n.jpg?_nc_cat=103&ccb=1-5&_nc_sid=9267fe&_nc_ohc=Tp676MAqREYAX-1aefu&_nc_ht=scontent-iad3-2.xx&oh=00_AT841B0Vm5UGp36jx8xPb8taA3jyciNxGr8B8_utJTG-og&oe=6247E8B6
10,000000044.jpg,https://scontent-iad3-2.xx.fbcdn.net/v/t39.30808-6/272971183_5129261490431651_7779336058974954583_n.jpg?_nc_cat=100&ccb=1-5&_nc_sid=9267fe&_nc_ohc=u-GQZ_en-lEAX_Cm24K&_nc_ht=scontent-iad3-2.xx&oh=00_AT_fBCq_nfS4R9lJIgQrFKMpSHru52Ix--ajZwFXbqB8UQ&oe=6247FEFD
11,000000141.jpg,https://scontent-atl3-2.xx.fbcdn.net/v/t1.6435-9/175990224_4206632882694521_8064330951013251960_n.jpg?_nc_cat=102&ccb=1-5&_nc_sid=9267fe&_nc_ohc=2CsHbBAcwu8AX-5ebCE&_nc_ht=scontent-atl3-2.xx&oh=00_AT_i7Eo-9FXnLR_mAyIgTWCCMKcUbLyVrtefYPpGwLRhrQ&oe=626C006A
12,000000147.jpg,https://scontent-atl3-2.xx.fbcdn.net/v/t1.6435-9/170332107_4179105712113905_342331267787075599_n.jpg?_nc_cat=101&ccb=1-5&_nc_sid=9267fe&_nc_ohc=-RL8RwVpQT8AX-zlWuY&_nc_ht=scontent-atl3-2.xx&oh=00_AT_d4fLzGfHRB0zHqzbu8gn9FexLMz11gKanMZ0syEze8A&oe=626B60AE
13,000000151.jpg,https://scontent-atl3-2.xx.fbcdn.net/v/t1.6435-9/170641153_4166480960043047_6224122496322622658_n.jpg?_nc_cat=107&ccb=1-5&_nc_sid=730e14&_nc_ohc=7p3MG5Yt-uEAX-lnye7&_nc_ht=scontent-atl3-2.xx&oh=00_AT8mRegFlzsJloFNw9nSPcrbDKRWNSYG2C-VoV30HMEQ0Q&oe=626CAA26
14,000000146.jpg,https://scontent-atl3-2.xx.fbcdn.net/v/t1.6435-9/173012126_4182279758463167_7636988430855224482_n.jpg?_nc_cat=111&ccb=1-5&_nc_sid=730e14&_nc_ohc=7knl29OXcZMAX_xhYlH&_nc_ht=scontent-atl3-2.xx&oh=00_AT8wh3gWJzKL9QmI4-XlFkG5_Ne3gHg6v69TJZtGDmkORA&oe=626A466F
15,000000067.jpg,https://scontent-iad3-2.xx.fbcdn.net/v/t39.30808-6/270879298_5014866301871171_3086913028274449350_n.jpg?_nc_cat=105&ccb=1-5&_nc_sid=730e14&_nc_ohc=PnuaL_xptCUAX9REBV_&_nc_ht=scontent-iad3-2.xx&oh=00_AT8iVALeksiN6fzET4UMFEEyW5undUM0YNvr1N9YkKdU4g&oe=6247D8DB
16,000000050.jpg,https://scontent-iad3-2.xx.fbcdn.net/v/t39.30808-6/272284116_5099871973370603_2727495565305106676_n.jpg?_nc_cat=111&ccb=1-5&_nc_sid=9267fe&_nc_ohc=z524z_3DOTMAX-H0-WF&_nc_ht=scontent-iad3-2.xx&oh=00_AT9FxiCOI8iLnHyM83mxn4_JqrwpX95WjowTtyijIUYLTw&oe=6247D09F
17,000000122.jpg,https://scontent-iad3-2.xx.fbcdn.net/v/t39.30808-6/254094136_4819047398119730_7562173277566140947_n.jpg?_nc_cat=111&ccb=1-5&_nc_sid=730e14&_nc_ohc=_uJTMVoW6GMAX8u-Blj&_nc_ht=scontent-iad3-2.xx&oh=00_AT-qZqAJZ_n9Bim1WmNl2bay9qIQkjT3TkyPNYfJN5d8rg&oe=624806BB
18,000000118.jpg,https://scontent-iad3-2.xx.fbcdn.net/v/t39.30808-6/254662746_4822240851133718_5524688275613152679_n.jpg?_nc_cat=109&ccb=1-5&_nc_sid=9267fe&_nc_ohc=URq6WfQVKLwAX9E_2Gf&_nc_ht=scontent-iad3-2.xx&oh=00_AT8qg18DqUZvzV4H5ZaaDyuFSawUZPKSZaewBhU_zdMBvQ&oe=62480A7E
19,000000131.jpg,https://scontent-iad3-2.xx.fbcdn.net/v/t39.30808-6/250185359_4789571157734021_39957641021581238_n.jpg?_nc_cat=101&ccb=1-5&_nc_sid=e3f864&_nc_ohc=HReXxL74ohQAX8LyzOc&tn=Nx8MNQr-SjQVN_zh&_nc_ht=scontent-iad3-2.xx&oh=00_AT_ORMofEudZwZP_x45N4ZcdzXSAE72TK7bqx1V_kb5YpA&oe=62482322
20,000000144.jpg,https://scontent-atl3-2.xx.fbcdn.net/v/t1.6435-9/173959663_4185371568153986_4588692276533823555_n.jpg?_nc_cat=101&ccb=1-5&_nc_sid=9267fe&_nc_ohc=lvMn8N-Z_3gAX8LOpMp&_nc_ht=scontent-atl3-2.xx&oh=00_AT8yWWiTpzmq-EZadA_Gjc46UBi6Hy8l4glpaKtANq_1VA&oe=626A466A
21,000000167.jpg,https://scontent-atl3-2.xx.fbcdn.net/v/t1.6435-9/164837972_4116837758340701_3130127517534947045_n.jpg?_nc_cat=108&ccb=1-5&_nc_sid=9267fe&_nc_ohc=SUcgyPmoJaAAX_8hFgc&_nc_ht=scontent-atl3-2.xx&oh=00_AT_NHh8JwfpV-MPte6utVrP5MxGcdPEpj2hxgu7Up2DzRw&oe=626B1B6B
22,000000010.jpg,https://scontent-iad3-2.xx.fbcdn.net/v/t39.30808-6/276146711_5268863019804830_7827360845905053299_n.jpg?_nc_cat=101&ccb=1-5&_nc_sid=730e14&_nc_ohc=L0wtrgPRhHYAX-0YHSr&_nc_ht=scontent-iad3-2.xx&oh=00_AT-x0b5XNalXKXAtwALaeawgVlQjKK62ntM_vSbQKt7uag&oe=624809DC
23,000000061.jpg,https://scontent-iad3-2.xx.fbcdn.net/v/t39.30808-6/271287514_5029881697036298_4368064790300643965_n.jpg?_nc_cat=110&ccb=1-5&_nc_sid=9267fe&_nc_ohc=g3MfNvUEdLQAX_XD8cB&tn=Nx8MNQr-SjQVN_zh&_nc_ht=scontent-iad3-2.xx&oh=00_AT-fQUr0bkcusTdz9ehbRWtJS7AH6U3Os8ldT4u33VCK1Q&oe=6247938E
24,000000152.jpg,https://scontent-atl3-2.xx.fbcdn.net/v/t1.6435-9/169315462_4160301463994330_3501240989663582837_n.jpg?_nc_cat=110&ccb=1-5&_nc_sid=9267fe&_nc_ohc=lj6B7TbJqzEAX84HQ3J&_nc_ht=scontent-atl3-2.xx&oh=00_AT8V39fweewoykxlS6BTmSqZFPGrvN7-0ukXZHrEKcNWtA&oe=626B5F4F
25,000000073.jpg,https://scontent-iad3-2.xx.fbcdn.net/v/t39.30808-6/271171255_5014866095204525_6695876407955718519_n.jpg?_nc_cat=102&ccb=1-5&_nc_sid=730e14&_nc_ohc=97RbJfSkkmkAX_Cil6m&tn=Nx8MNQr-SjQVN_zh&_nc_ht=scontent-iad3-2.xx&oh=00_AT9iu4b3i4ePWvErzexXT6K8hzJq0bNn4yNRKg4RJ4yRzw&oe=6247B4D1
26,000000082.jpg,https://scontent-iad3-2.xx.fbcdn.net/v/t39.30808-6/268124161_4971061162918352_6160630216424616776_n.jpg?_nc_cat=106&ccb=1-5&_nc_sid=9267fe&_nc_ohc=JQA_DoKfyUAAX_f7i_E&_nc_ht=scontent-iad3-2.xx&oh=00_AT9igEMJqTscQuYlOwDuhELkELNnjY1s2aAt_doJRL9YBA&oe=62482133
27,000000083.jpg,https://scontent-iad3-2.xx.fbcdn.net/v/t39.30808-6/267716082_4966512936706508_1816214599658441352_n.jpg?_nc_cat=110&ccb=1-5&_nc_sid=9267fe&_nc_ohc=VbIiHvgkW1kAX9TQSDO&_nc_ht=scontent-iad3-2.xx&oh=00_AT9i4RDCw6MV4VdA4GbMjlUZ9TXoM18nqecZeA9cneAPrA&oe=6247C575
28,000000068.jpg,https://scontent-iad3-2.xx.fbcdn.net/v/t39.30808-6/270804923_5014866195204515_983130484191424131_n.jpg?_nc_cat=101&ccb=1-5&_nc_sid=730e14&_nc_ohc=oyUE4H_0qyQAX_buG0F&tn=Nx8MNQr-SjQVN_zh&_nc_ht=scontent-iad3-2.xx&oh=00_AT9RpKW4yYRjDrMt-E4x98uhAJWzKoEY_Ozp-ZC2_XkA5g&oe=6247F436
29,000000140.jpg,https://scontent-atl3-2.xx.fbcdn.net/v/t1.6435-9/176794295_4212615725429570_2032657746873989033_n.jpg?_nc_cat=103&ccb=1-5&_nc_sid=730e14&_nc_ohc=OEAzbiHe-PsAX_wfBYW&_nc_ht=scontent-atl3-2.xx&oh=00_AT8cwO7eByuqwXWIDZtpj-q06FqVde_KFX8Hp5vykVE5KQ&oe=626C362F
30,000000165.jpg,https://scontent-atl3-2.xx.fbcdn.net/v/t1.6435-9/165369874_4124645187559958_1035703123802691728_n.jpg?_nc_cat=105&ccb=1-5&_nc_sid=730e14&_nc_ohc=R95JxyHd08cAX_1irpx&_nc_ht=scontent-atl3-2.xx&oh=00_AT9oJOI60SGUb20VVl9xxeqN5ZzJUEzK75Ep7FBBX68OjQ&oe=626A7CB2
31,000000030.jpg,https://scontent-iad3-2.xx.fbcdn.net/v/t39.30808-6/273938766_5192947177396415_4588624373892689693_n.jpg?_nc_cat=107&ccb=1-5&_nc_sid=9267fe&_nc_ohc=b6-tENDyXq4AX9S2JqJ&_nc_ht=scontent-iad3-2.xx&oh=00_AT-E5xDQvx5Wx3gzPTTt7DN5zgWaqVzrdkmbUZfzsG4dEA&oe=6247B676
32,000000129.jpg,https://scontent-iad3-2.xx.fbcdn.net/v/t39.30808-6/251357259_4797145366976600_6677985015245333636_n.jpg?_nc_cat=110&ccb=1-5&_nc_sid=9267fe&_nc_ohc=YgM0Ss0R04QAX951_hm&_nc_ht=scontent-iad3-2.xx&oh=00_AT-tdmNEffrlETCuyZLG96pTzC6qiIKXpASaZmUtoeiiYg&oe=6247B789
33,000000160.jpg,https://scontent-atl3-2.xx.fbcdn.net/v/t1.6435-9/165567079_4133308700026940_2467044789247457055_n.jpg?_nc_cat=108&ccb=1-5&_nc_sid=9267fe&_nc_ohc=xpgJMX2gWowAX_9vv6m&_nc_ht=scontent-atl3-2.xx&oh=00_AT_PRLxIzPYweFUX_YmyjG8-FyV1tBRTZTrTcfsN8SviuQ&oe=626B5A8D
34,000000157.jpg,https://scontent-atl3-2.xx.fbcdn.net/v/t1.6435-9/167598143_4145221462168997_1702927890179735195_n.jpg?_nc_cat=109&ccb=1-5&_nc_sid=9267fe&_nc_ohc=HEsBUO2qugMAX_qVijR&_nc_ht=scontent-atl3-2.xx&oh=00_AT8hbU7ur17c8JAHT9GffJNMbNayNNEyKUFz6lolsuV8vg&oe=626D5BBD
35,000000156.jpg,https://scontent-atl3-2.xx.fbcdn.net/v/t1.6435-9/168653529_4151150298242780_7108734465956751126_n.jpg?_nc_cat=108&ccb=1-5&_nc_sid=730e14&_nc_ohc=KhmIK8LN7nUAX_8J2Yk&_nc_ht=scontent-atl3-2.xx&oh=00_AT91fMudl7rfa7-jFreVlymqfZ9SwXwrR33G3mtrCfJDXg&oe=626A1D65
36,000000031.jpg,https://scontent-iad3-2.xx.fbcdn.net/v/t39.30808-6/274246896_5189809527710180_1336071573295181007_n.jpg?_nc_cat=104&ccb=1-5&_nc_sid=9267fe&_nc_ohc=Z5Lbc5fzvQsAX_oFWdm&tn=Nx8MNQr-SjQVN_zh&_nc_ht=scontent-iad3-2.xx&oh=00_AT-scbOf2h3vQ8csvs9m_OdaTGsInxrJRIJueIZGj-1E6Q&oe=624808F6
37,000000166.jpg,https://scontent-atl3-2.xx.fbcdn.net/v/t1.6435-9/164614137_4120609087963568_8939153957312862022_n.jpg?_nc_cat=111&ccb=1-5&_nc_sid=9267fe&_nc_ohc=zXRuJWXZHswAX9s7z7Q&_nc_ht=scontent-atl3-2.xx&oh=00_AT8ZpqcbXqlqp8LQttev3Ag1lgSAwK5W9uUrPpnjRHarMA&oe=626D4301
38,000000079.jpg,https://scontent-iad3-2.xx.fbcdn.net/v/t39.30808-6/270191899_4993761827314952_8981555615145342153_n.jpg?_nc_cat=107&ccb=1-5&_nc_sid=9267fe&_nc_ohc=s-DZkrbRg1QAX9IJVuR&_nc_ht=scontent-iad3-2.xx&oh=00_AT8QuoZRzf_WhCcECV8r0y3Ik88RlqtekM3iOsIinhI9tg&oe=6247D77A
39,000000159.jpg,https://scontent-atl3-2.xx.fbcdn.net/v/t1.6435-9/166512863_4136679206356556_5180987667655029225_n.jpg?_nc_cat=107&ccb=1-5&_nc_sid=9267fe&_nc_ohc=E_2BFlcD8WoAX-wc8mN&_nc_ht=scontent-atl3-2.xx&oh=00_AT_OLKLqR-1RTL4Gce3jONHRRt91ag5wt0t-QufgdjUt4g&oe=626CBAC4
40,000000048.jpg,https://scontent-iad3-2.xx.fbcdn.net/v/t39.30808-6/272554367_5109036432454157_2051857393726410784_n.jpg?_nc_cat=110&ccb=1-5&_nc_sid=9267fe&_nc_ohc=g95hKut5VSYAX94AvfI&_nc_ht=scontent-iad3-2.xx&oh=00_AT-atdxyfSMouk2zzWPDaulRrQmvR_-rUDueA4nKnp136A&oe=6247A43B
41,000000143.jpg,https://scontent-atl3-2.xx.fbcdn.net/v/t1.6435-9/172560427_4191628210861655_7772861235497841495_n.jpg?_nc_cat=104&ccb=1-5&_nc_sid=9267fe&_nc_ohc=tvRRq9TvfpoAX9lr2BO&_nc_ht=scontent-atl3-2.xx&oh=00_AT-PQ9Qb_xgpGiUXb1wCvQ_JcwFPxQyhNUcG1Klae0fyIw&oe=626C0C0A
42,000000075.jpg,https://scontent-iad3-2.xx.fbcdn.net/v/t39.30808-6/271057464_5010671308957337_7286438764491511185_n.jpg?_nc_cat=101&ccb=1-5&_nc_sid=e3f864&_nc_ohc=go7ysq3K1xEAX9xYN07&_nc_ht=scontent-iad3-2.xx&oh=00_AT-1FYtHi50VjlDuWIGiALPsLFogTbtAIhk6DU1AeZnTCg&oe=6247D786
43,000000149.jpg,https://scontent-atl3-2.xx.fbcdn.net/v/t1.6435-9/172041321_4172941189397024_3809845602592905502_n.jpg?_nc_cat=102&ccb=1-5&_nc_sid=9267fe&_nc_ohc=rbBB86D-iA4AX9d0QUJ&_nc_ht=scontent-atl3-2.xx&oh=00_AT9Dl--VxA_BnEuTafAn3mryxpunhBNTOs138-DmDMz9_w&oe=626DAC3E
44,000000158.jpg,https://scontent-atl3-2.xx.fbcdn.net/v/t1.6435-9/167247556_4142295282461615_6399862279681382918_n.jpg?_nc_cat=107&ccb=1-5&_nc_sid=9267fe&_nc_ohc=qKRTWKCu7FoAX-RNT-o&_nc_ht=scontent-atl3-2.xx&oh=00_AT-IzYaZqzgRiOoEvBF6QDVo_ERyMn4aNJbUDH5hz0Q7LA&oe=626B37BE
45,000000121.jpg,https://scontent-iad3-2.xx.fbcdn.net/v/t39.30808-6/254618233_4819047421453061_498945279267790541_n.jpg?_nc_cat=107&ccb=1-5&_nc_sid=730e14&_nc_ohc=UE7BrEoL1I0AX83d-ob&tn=Nx8MNQr-SjQVN_zh&_nc_ht=scontent-iad3-2.xx&oh=00_AT-2qNzSHglZ3EyCZ1I9529yp4Utpppw-IgmN1AUypzrrA&oe=62479F6A
46,000000117.jpg,https://scontent-iad3-2.xx.fbcdn.net/v/t39.30808-6/255184847_4825406624150474_1171979228290744195_n.jpg?_nc_cat=103&ccb=1-5&_nc_sid=9267fe&_nc_ohc=QcT635zxgYUAX8cIasg&_nc_ht=scontent-iad3-2.xx&oh=00_AT_zW-z8VZPLm0hXHcVsD-oFz1K-6ipqYPVbr_OQcml0wQ&oe=6247F359
47,000000148.jpg,https://scontent-atl3-2.xx.fbcdn.net/v/t1.6435-9/171278008_4176004009090742_7948478752871460162_n.jpg?_nc_cat=100&ccb=1-5&_nc_sid=9267fe&_nc_ohc=Wf52OHVO5qcAX-Q3_Y2&_nc_ht=scontent-atl3-2.xx&oh=00_AT_3xLC5qR5rl8udoISHXJFNPCHvzDfii4ZbbqkV4NGOVQ&oe=626C2221
48,000000162.jpg,https://scontent-atl3-2.xx.fbcdn.net/v/t1.6435-9/164917724_4124645680893242_4312733554465734761_n.jpg?_nc_cat=102&ccb=1-5&_nc_sid=730e14&_nc_ohc=Yn3-S2XW2LkAX_Abjo0&_nc_ht=scontent-atl3-2.xx&oh=00_AT8ig8k9H_KggOrdDCx9RDpssYzdJCXEnToSfI9jPlO64A&oe=626D1740
49,000000155.jpg,https://scontent-atl3-2.xx.fbcdn.net/v/t1.6435-9/168472480_4151150331576110_1290736540357545045_n.jpg?_nc_cat=103&ccb=1-5&_nc_sid=730e14&_nc_ohc=LYqWrN8MOYUAX_a-LiC&_nc_ht=scontent-atl3-2.xx&oh=00_AT9p6fLLn5cqXxxaIs9xYY-K4SA7WeHTTyGvAuHBfB-Ppw&oe=626A7708
50,000000093.jpg,https://scontent-iad3-2.xx.fbcdn.net/v/t39.30808-6/264853452_4913716961986106_3609150439040978565_n.jpg?_nc_cat=103&ccb=1-5&_nc_sid=730e14&_nc_ohc=AvXc7OxQctIAX_5UN43&tn=Nx8MNQr-SjQVN_zh&_nc_ht=scontent-iad3-2.xx&oh=00_AT9jMAHqCs1OXyYv0rqHZlh8iBfvpzfRND7MH3UMWhHPFQ&oe=6247C63C
51,000000043.jpg,https://scontent-iad3-2.xx.fbcdn.net/v/t39.30808-6/272967933_5135710016453465_1331062498438423722_n.jpg?_nc_cat=101&ccb=1-5&_nc_sid=9267fe&_nc_ohc=0gSyaIf_3lwAX9kl9Yj&_nc_ht=scontent-iad3-2.xx&oh=00_AT_E8M1KMOC2Zdfu7-_EI1kVME-ddoL2BeAdL9htykA7BQ&oe=6247B45A
52,000000153.jpg,https://scontent-atl3-2.xx.fbcdn.net/v/t1.6435-9/169157340_4157220120969131_5599752446209006242_n.jpg?_nc_cat=109&ccb=1-5&_nc_sid=9267fe&_nc_ohc=X6CfBh_0EIkAX_Q2eYb&_nc_ht=scontent-atl3-2.xx&oh=00_AT9F7LD75BLezXQ783NnboenNliB-QtNAlXzQwbowbRv7w&oe=6269F42B
53,000000085.jpg,https://scontent-iad3-2.xx.fbcdn.net/v/t39.30808-6/267497420_4952583778099424_8742637195088042789_n.jpg?_nc_cat=109&ccb=1-5&_nc_sid=9267fe&_nc_ohc=z6YimJIviogAX9JgrHW&_nc_ht=scontent-iad3-2.xx&oh=00_AT-4wBkq0TnPliToNLFfNPnbW_xiHMBOhrc3tnEqPDPEIw&oe=6247BAC7
54,000000154.jpg,https://scontent-atl3-2.xx.fbcdn.net/v/t1.6435-9/168594824_4154105031280640_7154633550081606618_n.jpg?_nc_cat=105&ccb=1-5&_nc_sid=9267fe&_nc_ohc=_pUaW2oJNLgAX8Mgrct&_nc_ht=scontent-atl3-2.xx&oh=00_AT9k5gUPX1KmB9RQGCcvdi7Rdr2x4Wd2YifQmihLI4d0TQ&oe=626BABC7
55,000000015.jpg,https://scontent-iad3-2.xx.fbcdn.net/v/t39.30808-6/275663878_5252617848096014_7479374791281987987_n.jpg?_nc_cat=109&ccb=1-5&_nc_sid=730e14&_nc_ohc=7KxkzYnWJ1oAX9sL2cO&_nc_ht=scontent-iad3-2.xx&oh=00_AT_SrCH1h814OK5qOr7-Wf4U31Ehw97a95yoaAcIv4Slmw&oe=6247A18C
56,000000142.jpg,https://scontent-atl3-2.xx.fbcdn.net/v/t1.6435-9/176291044_4203817159642760_8339537270830194191_n.jpg?_nc_cat=101&ccb=1-5&_nc_sid=9267fe&_nc_ohc=Cnm6alb6NjgAX-MMptX&_nc_ht=scontent-atl3-2.xx&oh=00_AT-OFRy87WaMzTtJ6W8gKNoe9QaKfcoyLeUZGmjPwiFFDQ&oe=626A2F13
57,000000164.jpg,https://scontent-atl3-2.xx.fbcdn.net/v/t1.6435-9/165024848_4124645214226622_8241060611212155879_n.jpg?_nc_cat=111&ccb=1-5&_nc_sid=730e14&_nc_ohc=1Te6ixuJCu0AX9A1oa1&_nc_ht=scontent-atl3-2.xx&oh=00_AT_f8n23Swz9B8pRiyUElXXOdCZaSapVA4r8mh-7609ysA&oe=626C461C
58,000000054.jpg,https://scontent-iad3-2.xx.fbcdn.net/v/t39.30808-6/240130384_5077087525649048_9099483196611697608_n.jpg?_nc_cat=101&ccb=1-5&_nc_sid=9267fe&_nc_ohc=JQzckPJMgt0AX9mYXjL&_nc_ht=scontent-iad3-2.xx&oh=00_AT-T0-_I8eUx4v5H4k_wODsc8CALKITFxqm3Vmoj2r2Y_g&oe=62482767
59,000000126.jpg,https://scontent-iad3-2.xx.fbcdn.net/v/t39.30808-6/253711705_4812800288744441_89384710458546213_n.jpg?_nc_cat=100&ccb=1-5&_nc_sid=9267fe&_nc_ohc=AiMa7IFKPHoAX87sEWV&_nc_ht=scontent-iad3-2.xx&oh=00_AT_xZ34z_LaM3sSVkZa91VSjLmqpmFaR_hQ7gbLjAisHLg&oe=6247EA02
60,000000130.jpg,https://scontent-iad3-2.xx.fbcdn.net/v/t39.30808-6/248359770_4794073507283786_455712897194814300_n.jpg?_nc_cat=104&ccb=1-5&_nc_sid=9267fe&_nc_ohc=T_1sXrDMi4YAX89-xxN&_nc_ht=scontent-iad3-2.xx&oh=00_AT-Feh-HNA1QnbbZtXNfBSGxJoKImdsn4NWPY4gQjhIx7g&oe=6248172A
61,000000053.jpg,https://scontent-iad3-2.xx.fbcdn.net/v/t39.30808-6/271966655_5081708161853651_8756347113216021770_n.jpg?_nc_cat=106&ccb=1-5&_nc_sid=9267fe&_nc_ohc=9cR1VUYe3AgAX8fJXfq&tn=Nx8MNQr-SjQVN_zh&_nc_ht=scontent-iad3-2.xx&oh=00_AT_iR1LkuwMyey75d-emawouNGHXHWVyMyCTAQFNFixg9w&oe=6247B7C3
62,000000016.jpg,https://scontent-iad3-2.xx.fbcdn.net/v/t39.30808-6/275696625_5252617824762683_1998286499480892266_n.jpg?_nc_cat=107&ccb=1-5&_nc_sid=730e14&_nc_ohc=U07qDI5dDFkAX_e5Wqj&_nc_ht=scontent-iad3-2.xx&oh=00_AT_s1j-QmPP_FFlFhOB8PjPkmvnsQGhymqGb5WIAQXjWFw&oe=62480563
63,000000080.jpg,https://scontent-iad3-2.xx.fbcdn.net/v/t39.30808-6/269433308_4984840614873740_1654944268086512187_n.jpg?_nc_cat=108&ccb=1-5&_nc_sid=9267fe&_nc_ohc=wiPtrm0ygEwAX-BpHL1&_nc_oc=AQmRmz53Nzn3W9Ling_CuoYwtMt2Cwtz8T0NNdPdxb_ySHvq37FhAqoyxOt0szdQ1EOAS_wDseCeOrrndVJ1gqWJ&_nc_ht=scontent-iad3-2.xx&oh=00_AT83kFcPWNcg1HRlRJl0c84uZbdn4D5iFWkgARG55L4OZQ&oe=6247D6A1
64,000000052.jpg,https://scontent-iad3-2.xx.fbcdn.net/v/t39.30808-6/272133440_5090713640953103_7610946437387845446_n.jpg?_nc_cat=101&ccb=1-5&_nc_sid=9267fe&_nc_ohc=kWMmHv03vw4AX_uI69b&_nc_ht=scontent-iad3-2.xx&oh=00_AT8LD0REVbNA45G7_14UGJvSvZ7BW5-02hI872D8ofLvNA&oe=62481383
65,000000138.jpg,https://scontent-atl3-2.xx.fbcdn.net/v/t1.6435-9/177517130_4218718744819268_4973356281864646664_n.jpg?_nc_cat=106&ccb=1-5&_nc_sid=9267fe&_nc_ohc=0vLOQKW0B3oAX9aiTHr&_nc_ht=scontent-atl3-2.xx&oh=00_AT-_VGAwxM7c4w6b-w_Sl_UvC4cof68JY6fwzF22ZyYfhw&oe=626BC548
66,000000002.jpg,https://scontent-iad3-2.xx.fbcdn.net/v/t39.30808-6/277163972_5289518664405932_5738186889722457019_n.jpg?_nc_cat=106&ccb=1-5&_nc_sid=730e14&_nc_ohc=wRBfOASqMhsAX_eHUKb&_nc_ht=scontent-iad3-2.xx&oh=00_AT-zrWSvPj6fVV0VUhXZj_eLNk5yc2JyttCtwBdQHHe7wA&oe=6247E149
67,000000150.jpg,https://scontent-atl3-2.xx.fbcdn.net/v/t1.6435-9/170677004_4169675609723582_5134379903122728605_n.jpg?_nc_cat=100&ccb=1-5&_nc_sid=9267fe&_nc_ohc=mAZfDIvJpWwAX-HOGjn&_nc_ht=scontent-atl3-2.xx&oh=00_AT9k2y5znSFhPVg9GHraomjNMCkZiVR6H2R4s7nyzYR1ZA&oe=626DA184
68,000000081.jpg,https://scontent-iad3-2.xx.fbcdn.net/v/t39.30808-6/269749660_4975778189113316_7790366305035736162_n.jpg?_nc_cat=101&ccb=1-5&_nc_sid=9267fe&_nc_ohc=HIHawmOo5poAX9GbItk&_nc_ht=scontent-iad3-2.xx&oh=00_AT-Rui0x-2UxOWoFZKQacOXyDnSbHjoLpQo5aK4wUvM0Ag&oe=6247B56E
69,000000145.jpg,https://scontent-atl3-2.xx.fbcdn.net/v/t1.6435-9/172963936_4182279861796490_8805739822778554728_n.jpg?_nc_cat=110&ccb=1-5&_nc_sid=730e14&_nc_ohc=-3OYF1GEyKYAX_wJtY2&_nc_ht=scontent-atl3-2.xx&oh=00_AT8PGddYzn0P1m739BeF3Iy17yp1UKXiTi_LEP_ceqcJdg&oe=626B38AD
70,000000163.jpg,https://scontent-atl3-2.xx.fbcdn.net/v/t1.6435-9/165104569_4124645564226587_4829277798768547710_n.jpg?_nc_cat=103&ccb=1-5&_nc_sid=730e14&_nc_ohc=tkQQ_YcDXM8AX-El6QJ&_nc_ht=scontent-atl3-2.xx&oh=00_AT8_4QpRu-8TAAfGvEt9UnYT9fAieCZpJJmjP598e_YTLg&oe=626CF231
71,000000063.jpg,https://scontent-iad3-2.xx.fbcdn.net/v/t39.30808-6/271157200_5021027304588404_5529034932878697312_n.jpg?_nc_cat=108&ccb=1-5&_nc_sid=9267fe&_nc_ohc=HMXYf_HLaqQAX9MClbN&_nc_ht=scontent-iad3-2.xx&oh=00_AT_GnYxnzInSBnd3WnZWuZY6CanVUGCFU-M3W0wDBhS1zw&oe=6247EF00
72,000000115.jpg,https://scontent-iad3-2.xx.fbcdn.net/v/t39.30808-6/255858171_4831808003510336_6332530183193791205_n.jpg?_nc_cat=101&ccb=1-5&_nc_sid=9267fe&_nc_ohc=3mygqLOyn10AX-r-vd0&_nc_ht=scontent-iad3-2.xx&oh=00_AT_stNGBWBZ0FEhgPaNgYSStryHobnHLQtO35CFyNrdoRA&oe=62478B99
73,000000105.jpg,https://scontent-iad3-2.xx.fbcdn.net/v/t39.30808-6/257752597_4871238449567291_5804649579150179441_n.jpg?_nc_cat=101&ccb=1-5&_nc_sid=9267fe&_nc_ohc=OWwMLKD9VfcAX9k292d&_nc_ht=scontent-iad3-2.xx&oh=00_AT9V2EQKS1R92SeaR-h8G0SjDrBzpaC1RMrRBtViRDx4_w&oe=62482C1D
74,000000101.jpg,https://scontent-iad3-2.xx.fbcdn.net/v/t39.30808-6/260214066_4884343568256779_3213308903953986892_n.jpg?_nc_cat=104&ccb=1-5&_nc_sid=9267fe&_nc_ohc=aKYNDb62X_0AX-h1zlO&tn=Nx8MNQr-SjQVN_zh&_nc_ht=scontent-iad3-2.xx&oh=00_AT-DgTu8fv-ZRffxBMh7QcshCqTY7sUN7mScGXtbY35Whg&oe=6247B075
